id,metric,value,moe,state_id,dataset_id
1,COPD among adults >= 18,5.6,0.671428571428572,15,45
2,Cancer (excluding skin cancer) among adults >= 18,6.9,0.671428571428572,15,45
3,Coronary heart disease among adults >= 18,3.9,0.545535714285714,15,45
4,Stroke among adults >= 18,3.1,0.419642857142857,15,45
5,Diabetes among adults >= 18,8.7,0.797321428571428,15,45
6,Current asthma among adults >= 18,10.6,0.965178571428572,15,45
7,Mental health not good for >= 14 days among adults >= 18,15.2,1.13303571428571,15,45
8,COPD among adults >= 18,9.4,0.88125,14,45
9,Cancer (excluding skin cancer) among adults >= 18,9,0.839285714285714,14,45
10,Coronary heart disease among adults >= 18,6.5,0.713392857142857,14,45
11,Stroke among adults >= 18,5.3,0.755357142857143,14,45
12,Diabetes among adults >= 18,15.5,1.09107142857143,14,45
13,Current asthma among adults >= 18,9.6,0.965178571428572,14,45
14,Mental health not good for >= 14 days among adults >= 18,18.1,1.42678571428572,14,45
15,COPD among adults >= 18,9.8,0.839285714285714,9,45
16,Cancer (excluding skin cancer) among adults >= 18,9.1,0.713392857142857,9,45
17,Coronary heart disease among adults >= 18,6.5,0.5875,9,45
18,Stroke among adults >= 18,5.4,0.629464285714286,9,45
19,Diabetes among adults >= 18,15.7,1.00714285714286,9,45
20,Current asthma among adults >= 18,10.5,0.923214285714285,9,45
21,Mental health not good for >= 14 days among adults >= 18,20.4,1.30089285714286,9,45
22,COPD among adults >= 18,6.7,0.629464285714286,16,45
23,Cancer (excluding skin cancer) among adults >= 18,9.4,0.671428571428571,16,45
24,Coronary heart disease among adults >= 18,4.4,0.461607142857143,16,45
25,Stroke among adults >= 18,3.8,0.503571428571429,16,45
26,Diabetes among adults >= 18,12.7,0.881250000000001,16,45
27,Current asthma among adults >= 18,9.7,0.797321428571428,16,45
28,Mental health not good for >= 14 days among adults >= 18,16.8,1.09107142857143,16,45
29,COPD among adults >= 18,4.7,0.503571428571429,17,45
30,Cancer (excluding skin cancer) among adults >= 18,7.5,0.5875,17,45
31,Coronary heart disease among adults >= 18,3,0.377678571428571,17,45
32,Stroke among adults >= 18,2.9,0.419642857142857,17,45
33,Diabetes among adults >= 18,11.5,0.755357142857143,17,45
34,Current asthma among adults >= 18,8.7,0.629464285714286,17,45
35,Mental health not good for >= 14 days among adults >= 18,14.3,0.797321428571429,17,45
36,COPD among adults >= 18,5.3,0.545535714285715,18,45
37,Cancer (excluding skin cancer) among adults >= 18,7.8,0.503571428571429,18,45
38,Coronary heart disease among adults >= 18,2.8,0.335714285714286,18,45
39,Stroke among adults >= 18,2.5,0.29375,18,45
40,Diabetes among adults >= 18,8.1,0.629464285714286,18,45
41,Current asthma among adults >= 18,10.8,0.713392857142857,18,45
42,Mental health not good for >= 14 days among adults >= 18,15.9,0.797321428571429,18,45
43,COPD among adults >= 18,5.8,0.629464285714286,2,45
44,Cancer (excluding skin cancer) among adults >= 18,8.6,0.713392857142857,2,45
45,Coronary heart disease among adults >= 18,4.3,0.5875,2,45
46,Stroke among adults >= 18,2.8,0.545535714285714,2,45
47,Diabetes among adults >= 18,10.7,0.839285714285714,2,45
48,Current asthma among adults >= 18,12.4,0.839285714285714,2,45
49,Mental health not good for >= 14 days among adults >= 18,14.5,0.965178571428571,2,45
50,COPD among adults >= 18,3.8,0.629464285714286,55,45
51,Cancer (excluding skin cancer) among adults >= 18,6.2,0.755357142857143,55,45
52,Coronary heart disease among adults >= 18,2.4,0.503571428571429,55,45
53,Stroke among adults >= 18,2.6,0.503571428571429,55,45
54,Diabetes among adults >= 18,8,1.00714285714286,55,45
55,Current asthma among adults >= 18,11.1,1.25892857142857,55,45
56,Mental health not good for >= 14 days among adults >= 18,13.5,1.42678571428571,55,45
57,COPD among adults >= 18,7,0.839285714285714,19,45
58,Cancer (excluding skin cancer) among adults >= 18,8.7,0.88125,19,45
59,Coronary heart disease among adults >= 18,4.5,0.671428571428571,19,45
60,Stroke among adults >= 18,3.8,0.545535714285714,19,45
61,Diabetes among adults >= 18,13.9,1.21696428571429,19,45
62,Current asthma among adults >= 18,9.9,1.04910714285714,19,45
63,Mental health not good for >= 14 days among adults >= 18,14.4,1.42678571428572,19,45
64,COPD among adults >= 18,7.4,0.629464285714286,20,45
65,Cancer (excluding skin cancer) among adults >= 18,9.6,0.671428571428571,20,45
66,Coronary heart disease among adults >= 18,5,0.503571428571428,20,45
67,Stroke among adults >= 18,3.6,0.461607142857143,20,45
68,Diabetes among adults >= 18,12.2,0.965178571428572,20,45
69,Current asthma among adults >= 18,9.3,0.839285714285714,20,45
70,Mental health not good for >= 14 days among adults >= 18,15,1.00714285714286,20,45
71,COPD among adults >= 18,7.1,0.5875,13,45
72,Cancer (excluding skin cancer) among adults >= 18,7.6,0.545535714285714,13,45
73,Coronary heart disease among adults >= 18,4.1,0.419642857142857,13,45
74,Stroke among adults >= 18,4,0.461607142857143,13,45
75,Diabetes among adults >= 18,12.1,0.755357142857143,13,45
76,Current asthma among adults >= 18,9.6,0.755357142857143,13,45
77,Mental health not good for >= 14 days among adults >= 18,16.1,1.00714285714286,13,45
78,COPD among adults >= 18,5.2,2.14017857142857,,45
79,Cancer (excluding skin cancer) among adults >= 18,2.8,0.839285714285714,,45
80,Coronary heart disease among adults >= 18,5.6,2.26607142857143,,45
81,Diabetes among adults >= 18,21.6,3.23125,,45
82,Current asthma among adults >= 18,6.9,1.84642857142857,,45
83,Mental health not good for >= 14 days among adults >= 18,15,3.10535714285714,,45
84,COPD among adults >= 18,3.5,0.419642857142857,21,45
85,Cancer (excluding skin cancer) among adults >= 18,6.6,0.5875,21,45
86,Coronary heart disease among adults >= 18,3.4,0.461607142857143,21,45
87,Stroke among adults >= 18,2.8,0.377678571428571,21,45
88,Diabetes among adults >= 18,11.7,0.797321428571428,21,45
89,Current asthma among adults >= 18,9.1,0.713392857142858,21,45
90,Mental health not good for >= 14 days among adults >= 18,11.5,0.88125,21,45
91,COPD among adults >= 18,6.6,0.545535714285714,24,45
92,Cancer (excluding skin cancer) among adults >= 18,8.1,0.545535714285715,24,45
93,Coronary heart disease among adults >= 18,4.5,0.419642857142857,24,45
94,Stroke among adults >= 18,3.1,0.377678571428571,24,45
95,Diabetes among adults >= 18,11.6,0.671428571428571,24,45
96,Current asthma among adults >= 18,9.7,0.671428571428571,24,45
97,Mental health not good for >= 14 days among adults >= 18,13.5,0.839285714285714,24,45
98,COPD among adults >= 18,6,0.5875,22,45
99,Cancer (excluding skin cancer) among adults >= 18,8.4,0.629464285714285,22,45
100,Coronary heart disease among adults >= 18,4.2,0.503571428571429,22,45
101,Stroke among adults >= 18,3.3,0.461607142857143,22,45
102,Diabetes among adults >= 18,9.9,0.713392857142857,22,45
103,Current asthma among adults >= 18,11.1,0.839285714285714,22,45
104,Mental health not good for >= 14 days among adults >= 18,15.1,0.923214285714285,22,45
105,COPD among adults >= 18,5.8,0.797321428571429,6,45
106,Cancer (excluding skin cancer) among adults >= 18,7.8,0.923214285714286,6,45
107,Coronary heart disease among adults >= 18,4.1,0.629464285714286,6,45
108,Stroke among adults >= 18,3.4,0.629464285714286,6,45
109,Diabetes among adults >= 18,12,1.00714285714286,6,45
110,Current asthma among adults >= 18,8.7,0.923214285714286,6,45
111,Mental health not good for >= 14 days among adults >= 18,13.6,1.13303571428571,6,45
112,COPD among adults >= 18,8.9,0.545535714285715,23,45
113,Cancer (excluding skin cancer) among adults >= 18,8.4,0.461607142857143,23,45
114,Coronary heart disease among adults >= 18,5.2,0.377678571428572,23,45
115,Stroke among adults >= 18,4,0.377678571428571,23,45
116,Diabetes among adults >= 18,12.7,0.629464285714286,23,45
117,Current asthma among adults >= 18,11,0.671428571428572,23,45
118,Mental health not good for >= 14 days among adults >= 18,16.8,0.839285714285714,23,45
119,COPD among adults >= 18,7,0.503571428571428,25,45
120,Cancer (excluding skin cancer) among adults >= 18,8.4,0.503571428571429,25,45
121,Coronary heart disease among adults >= 18,4.4,0.377678571428571,25,45
122,Stroke among adults >= 18,3.3,0.377678571428571,25,45
123,Diabetes among adults >= 18,11.4,0.629464285714286,25,45
124,Current asthma among adults >= 18,10.7,0.671428571428571,25,45
125,Mental health not good for >= 14 days among adults >= 18,15.9,0.839285714285714,25,45
126,COPD among adults >= 18,11.7,1.09107142857143,26,45
127,Cancer (excluding skin cancer) among adults >= 18,8,0.88125,26,45
128,Coronary heart disease among adults >= 18,6.6,0.923214285714286,26,45
129,Stroke among adults >= 18,4.6,0.629464285714286,26,45
130,Diabetes among adults >= 18,14.8,1.21696428571429,26,45
131,Current asthma among adults >= 18,10.8,1.13303571428571,26,45
132,Mental health not good for >= 14 days among adults >= 18,16.1,1.34285714285714,26,45
133,COPD among adults >= 18,9.3,0.797321428571428,27,45
134,Cancer (excluding skin cancer) among adults >= 18,7.5,0.629464285714285,27,45
135,Coronary heart disease among adults >= 18,5,0.545535714285714,27,45
136,Stroke among adults >= 18,4.9,0.5875,27,45
137,Diabetes among adults >= 18,14.7,0.923214285714286,27,45
138,Current asthma among adults >= 18,10,0.88125,27,45
139,Mental health not good for >= 14 days among adults >= 18,20.1,1.21696428571429,27,45
140,COPD among adults >= 18,5.8,0.545535714285715,1,45
141,Cancer (excluding skin cancer) among adults >= 18,8.3,0.545535714285714,1,45
142,Coronary heart disease among adults >= 18,4.6,0.461607142857143,1,45
143,Stroke among adults >= 18,2.7,0.377678571428572,1,45
144,Diabetes among adults >= 18,10.5,0.713392857142858,1,45
145,Current asthma among adults >= 18,11.3,0.713392857142857,1,45
146,Mental health not good for >= 14 days among adults >= 18,14.6,0.797321428571429,1,45
147,COPD among adults >= 18,5.1,0.419642857142857,29,45
148,Cancer (excluding skin cancer) among adults >= 18,7.3,0.461607142857143,29,45
149,Coronary heart disease among adults >= 18,4,0.377678571428571,29,45
150,Stroke among adults >= 18,3.3,0.335714285714286,29,45
151,Diabetes among adults >= 18,12,0.629464285714286,29,45
152,Current asthma among adults >= 18,10.4,0.629464285714286,29,45
153,Mental health not good for >= 14 days among adults >= 18,14.5,0.755357142857143,29,45
154,COPD among adults >= 18,8.8,0.629464285714286,28,45
155,Cancer (excluding skin cancer) among adults >= 18,10.2,0.5875,28,45
156,Coronary heart disease among adults >= 18,5.7,0.503571428571429,28,45
157,Stroke among adults >= 18,3.6,0.377678571428571,28,45
158,Diabetes among adults >= 18,11.1,0.755357142857143,28,45
159,Current asthma among adults >= 18,13.1,0.839285714285714,28,45
160,Mental health not good for >= 14 days among adults >= 18,16.3,0.965178571428571,28,45
161,COPD among adults >= 18,8.9,0.5875,30,45
162,Cancer (excluding skin cancer) among adults >= 18,8.6,0.503571428571428,30,45
163,Coronary heart disease among adults >= 18,4.6,0.419642857142857,30,45
164,Stroke among adults >= 18,3.4,0.335714285714286,30,45
165,Diabetes among adults >= 18,11.6,0.629464285714286,30,45
166,Current asthma among adults >= 18,11.9,0.713392857142857,30,45
167,Mental health not good for >= 14 days among adults >= 18,16.7,0.88125,30,45
168,COPD among adults >= 18,5.3,0.419642857142857,31,45
169,Cancer (excluding skin cancer) among adults >= 18,8.3,0.419642857142858,31,45
170,Coronary heart disease among adults >= 18,4.3,0.335714285714286,31,45
171,Stroke among adults >= 18,3.2,0.335714285714286,31,45
172,Diabetes among adults >= 18,10.2,0.503571428571429,31,45
173,Current asthma among adults >= 18,9.9,0.545535714285715,31,45
174,Mental health not good for >= 14 days among adults >= 18,14.8,0.671428571428571,31,45
175,COPD among adults >= 18,8.4,0.713392857142858,33,45
176,Cancer (excluding skin cancer) among adults >= 18,8.3,0.671428571428571,33,45
177,Coronary heart disease among adults >= 18,4.8,0.503571428571429,33,45
178,Stroke among adults >= 18,4.2,0.503571428571429,33,45
179,Diabetes among adults >= 18,11.7,0.797321428571428,33,45
180,Current asthma among adults >= 18,10.4,0.797321428571429,33,45
181,Mental health not good for >= 14 days among adults >= 18,17.3,1.04910714285714,33,45
182,COPD among adults >= 18,10.5,1.09107142857143,32,45
183,Cancer (excluding skin cancer) among adults >= 18,7.8,0.88125,32,45
184,Coronary heart disease among adults >= 18,6.8,0.839285714285714,32,45
185,Stroke among adults >= 18,4.5,0.671428571428571,32,45
186,Diabetes among adults >= 18,15.3,1.21696428571429,32,45
187,Current asthma among adults >= 18,9.4,1.04910714285714,32,45
188,Mental health not good for >= 14 days among adults >= 18,15.7,1.21696428571429,32,45
189,COPD among adults >= 18,6.7,0.5875,34,45
190,Cancer (excluding skin cancer) among adults >= 18,9.2,0.629464285714286,34,45
191,Coronary heart disease among adults >= 18,4.1,0.419642857142857,34,45
192,Stroke among adults >= 18,3.4,0.461607142857143,34,45
193,Diabetes among adults >= 18,8.4,0.629464285714285,34,45
194,Current asthma among adults >= 18,11.7,0.839285714285714,34,45
195,Mental health not good for >= 14 days among adults >= 18,16.4,1.00714285714286,34,45
196,COPD among adults >= 18,7.6,0.965178571428572,4,45
197,Cancer (excluding skin cancer) among adults >= 18,8.1,0.923214285714285,4,45
198,Coronary heart disease among adults >= 18,5,0.797321428571429,4,45
199,Stroke among adults >= 18,4.9,0.88125,4,45
200,Diabetes among adults >= 18,12.1,1.04910714285714,4,45
201,Current asthma among adults >= 18,9.2,1.00714285714286,4,45
202,Mental health not good for >= 14 days among adults >= 18,15.3,1.38482142857143,4,45
203,COPD among adults >= 18,5.7,0.629464285714286,41,45
204,Cancer (excluding skin cancer) among adults >= 18,8.4,0.755357142857143,41,45
205,Coronary heart disease among adults >= 18,4.2,0.545535714285714,41,45
206,Stroke among adults >= 18,2.9,0.461607142857143,41,45
207,Diabetes among adults >= 18,9.6,0.797321428571429,41,45
208,Current asthma among adults >= 18,10.4,1.00714285714286,41,45
209,Mental health not good for >= 14 days among adults >= 18,14.1,1.175,41,45
210,COPD among adults >= 18,5.6,0.503571428571429,35,45
211,Cancer (excluding skin cancer) among adults >= 18,7.7,0.5875,35,45
212,Coronary heart disease among adults >= 18,4.3,0.419642857142857,35,45
213,Stroke among adults >= 18,2.6,0.377678571428571,35,45
214,Diabetes among adults >= 18,10.8,0.713392857142857,35,45
215,Current asthma among adults >= 18,8.1,0.755357142857143,35,45
216,Mental health not good for >= 14 days among adults >= 18,12.1,0.923214285714285,35,45
217,COPD among adults >= 18,6.7,0.629464285714286,37,45
218,Cancer (excluding skin cancer) among adults >= 18,9.9,0.755357142857143,37,45
219,Coronary heart disease among adults >= 18,4.7,0.503571428571429,37,45
220,Stroke among adults >= 18,3.3,0.503571428571429,37,45
221,Diabetes among adults >= 18,9.7,0.713392857142857,37,45
222,Current asthma among adults >= 18,13.1,1.04910714285714,37,45
223,Mental health not good for >= 14 days among adults >= 18,16.7,1.25892857142857,37,45
224,COPD among adults >= 18,5.4,0.629464285714286,38,45
225,Cancer (excluding skin cancer) among adults >= 18,7.5,0.629464285714286,38,45
226,Coronary heart disease among adults >= 18,4.7,0.671428571428572,38,45
227,Stroke among adults >= 18,3,0.503571428571429,38,45
228,Diabetes among adults >= 18,10.8,0.88125,38,45
229,Current asthma among adults >= 18,8.9,0.713392857142857,38,45
230,Mental health not good for >= 14 days among adults >= 18,13.7,0.923214285714286,38,45
231,COPD among adults >= 18,5.7,0.713392857142857,39,45
232,Cancer (excluding skin cancer) among adults >= 18,7.9,0.797321428571429,39,45
233,Coronary heart disease among adults >= 18,4.2,0.5875,39,45
234,Stroke among adults >= 18,3.2,0.503571428571429,39,45
235,Diabetes among adults >= 18,12.6,1.04910714285714,39,45
236,Current asthma among adults >= 18,10.4,1.00714285714286,39,45
237,Mental health not good for >= 14 days among adults >= 18,15.9,1.34285714285714,39,45
238,COPD among adults >= 18,7.2,1.00714285714286,36,45
239,Cancer (excluding skin cancer) among adults >= 18,7.7,1.09107142857143,36,45
240,Coronary heart disease among adults >= 18,3.6,0.629464285714286,36,45
241,Stroke among adults >= 18,4,0.965178571428571,36,45
242,Diabetes among adults >= 18,10.1,1.13303571428571,36,45
243,Current asthma among adults >= 18,10.1,1.30089285714286,36,45
244,Mental health not good for >= 14 days among adults >= 18,14.8,1.51071428571429,36,45
245,COPD among adults >= 18,5.3,0.377678571428571,40,45
246,Cancer (excluding skin cancer) among adults >= 18,7.5,0.419642857142857,40,45
247,Coronary heart disease among adults >= 18,4.3,0.335714285714286,40,45
248,Stroke among adults >= 18,2.8,0.251785714285714,40,45
249,Diabetes among adults >= 18,11.3,0.5875,40,45
250,Current asthma among adults >= 18,10.3,0.5875,40,45
251,Mental health not good for >= 14 days among adults >= 18,15.4,0.671428571428571,40,45
252,COPD among adults >= 18,9.5,0.545535714285714,42,45
253,Cancer (excluding skin cancer) among adults >= 18,9.1,0.503571428571428,42,45
254,Coronary heart disease among adults >= 18,5.6,0.419642857142857,42,45
255,Stroke among adults >= 18,4.3,0.335714285714286,42,45
256,Diabetes among adults >= 18,13,0.629464285714286,42,45
257,Current asthma among adults >= 18,11.4,0.629464285714286,42,45
258,Mental health not good for >= 14 days among adults >= 18,18.3,0.79732142857143,42,45
259,COPD among adults >= 18,8.2,0.671428571428571,43,45
260,Cancer (excluding skin cancer) among adults >= 18,6.8,0.545535714285714,43,45
261,Coronary heart disease among adults >= 18,5.3,0.461607142857143,43,45
262,Stroke among adults >= 18,4.3,0.461607142857143,43,45
263,Diabetes among adults >= 18,13.3,0.797321428571428,43,45
264,Current asthma among adults >= 18,12.3,0.88125,43,45
265,Mental health not good for >= 14 days among adults >= 18,18.1,1.04910714285714,43,45
266,COPD among adults >= 18,6.6,0.671428571428572,44,45
267,Cancer (excluding skin cancer) among adults >= 18,9.1,0.755357142857143,44,45
268,Coronary heart disease among adults >= 18,4.4,0.545535714285714,44,45
269,Stroke among adults >= 18,3.9,0.503571428571429,44,45
270,Diabetes among adults >= 18,10.3,0.88125,44,45
271,Current asthma among adults >= 18,11.5,0.839285714285714,44,45
272,Mental health not good for >= 14 days among adults >= 18,17.8,1.00714285714286,44,45
273,COPD among adults >= 18,7.5,0.965178571428571,45,45
274,Cancer (excluding skin cancer) among adults >= 18,9.2,1.04910714285714,45,45
275,Coronary heart disease among adults >= 18,4.7,0.88125,45,45
276,Stroke among adults >= 18,4.3,0.797321428571429,45,45
277,Diabetes among adults >= 18,11.5,1.21696428571429,45,45
278,Current asthma among adults >= 18,10.1,1.09107142857143,45,45
279,Mental health not good for >= 14 days among adults >= 18,14.9,1.30089285714286,45,45
280,COPD among adults >= 18,5.1,0.671428571428572,,45
281,Cancer (excluding skin cancer) among adults >= 18,5.7,0.629464285714286,,45
282,Coronary heart disease among adults >= 18,5.1,0.5875,,45
283,Stroke among adults >= 18,2.1,0.419642857142857,,45
284,Diabetes among adults >= 18,17.7,1.13303571428572,,45
285,Current asthma among adults >= 18,12.2,1.00714285714286,,45
286,Mental health not good for >= 14 days among adults >= 18,14.1,1.09107142857143,,45
287,COPD among adults >= 18,6.8,0.713392857142857,3,45
288,Cancer (excluding skin cancer) among adults >= 18,8.6,0.713392857142857,3,45
289,Coronary heart disease among adults >= 18,4.4,0.545535714285714,3,45
290,Stroke among adults >= 18,2.6,0.461607142857143,3,45
291,Diabetes among adults >= 18,11.5,0.839285714285714,3,45
292,Current asthma among adults >= 18,13.3,1.04910714285714,3,45
293,Mental health not good for >= 14 days among adults >= 18,15.5,1.175,3,45
294,COPD among adults >= 18,7.7,0.5875,46,45
295,Cancer (excluding skin cancer) among adults >= 18,9,0.545535714285714,46,45
296,Coronary heart disease among adults >= 18,5,0.461607142857143,46,45
297,Stroke among adults >= 18,3.8,0.377678571428572,46,45
298,Diabetes among adults >= 18,12.9,0.671428571428571,46,45
299,Current asthma among adults >= 18,9,0.629464285714286,46,45
300,Mental health not good for >= 14 days among adults >= 18,15.7,0.923214285714286,46,45
301,COPD among adults >= 18,6.9,1.59464285714286,47,45
302,Cancer (excluding skin cancer) among adults >= 18,6.9,0.923214285714286,47,45
303,Coronary heart disease among adults >= 18,4.1,0.797321428571428,47,45
304,Stroke among adults >= 18,2.6,0.545535714285714,47,45
305,Diabetes among adults >= 18,9.1,1.34285714285714,47,45
306,Current asthma among adults >= 18,8.3,1.21696428571429,47,45
307,Mental health not good for >= 14 days among adults >= 18,12.8,2.01428571428571,47,45
308,COPD among adults >= 18,11.6,0.965178571428572,48,45
309,Cancer (excluding skin cancer) among adults >= 18,9.1,0.797321428571429,48,45
310,Coronary heart disease among adults >= 18,5.8,0.671428571428571,48,45
311,Stroke among adults >= 18,5,0.629464285714286,48,45
312,Diabetes among adults >= 18,14.8,1.00714285714286,48,45
313,Current asthma among adults >= 18,11.7,1.00714285714286,48,45
314,Mental health not good for >= 14 days among adults >= 18,20.3,1.30089285714286,48,45
315,COPD among adults >= 18,5.7,0.545535714285715,7,45
316,Cancer (excluding skin cancer) among adults >= 18,6.8,0.545535714285715,7,45
317,Coronary heart disease among adults >= 18,4.4,0.461607142857143,7,45
318,Stroke among adults >= 18,3.6,0.461607142857143,7,45
319,Diabetes among adults >= 18,13.9,0.923214285714285,7,45
320,Current asthma among adults >= 18,7.9,0.5875,7,45
321,Mental health not good for >= 14 days among adults >= 18,16.2,0.965178571428571,7,45
322,COPD among adults >= 18,4.4,0.461607142857143,49,45
323,Cancer (excluding skin cancer) among adults >= 18,7.8,0.503571428571429,49,45
324,Coronary heart disease among adults >= 18,2.9,0.335714285714286,49,45
325,Stroke among adults >= 18,2.5,0.335714285714286,49,45
326,Diabetes among adults >= 18,8.7,0.545535714285715,49,45
327,Current asthma among adults >= 18,11,0.713392857142858,49,45
328,Mental health not good for >= 14 days among adults >= 18,16.6,0.881250000000001,49,45
329,COPD among adults >= 18,7.1,0.5875,51,45
330,Cancer (excluding skin cancer) among adults >= 18,8.7,0.5875,51,45
331,Coronary heart disease among adults >= 18,4,0.377678571428572,51,45
332,Stroke among adults >= 18,3.7,0.377678571428572,51,45
333,Diabetes among adults >= 18,12.8,0.713392857142857,51,45
334,Current asthma among adults >= 18,9.9,0.755357142857143,51,45
335,Mental health not good for >= 14 days among adults >= 18,16.4,0.923214285714285,51,45
336,COPD among adults >= 18,0.9,0.335714285714286,,45
337,Cancer (excluding skin cancer) among adults >= 18,2.5,0.923214285714286,,45
338,Diabetes among adults >= 18,15.9,3.73482142857143,,45
339,Mental health not good for >= 14 days among adults >= 18,9.9,3.31517857142857,,45
340,COPD among adults >= 18,7.2,0.713392857142857,50,45
341,Cancer (excluding skin cancer) among adults >= 18,10.2,0.713392857142857,50,45
342,Coronary heart disease among adults >= 18,4.2,0.503571428571429,50,45
343,Stroke among adults >= 18,3.1,0.461607142857143,50,45
344,Diabetes among adults >= 18,8.4,0.671428571428571,50,45
345,Current asthma among adults >= 18,12.9,0.839285714285714,50,45
346,Mental health not good for >= 14 days among adults >= 18,16.2,1.04910714285714,50,45
347,COPD among adults >= 18,5.3,0.29375,52,45
348,Cancer (excluding skin cancer) among adults >= 18,8.5,0.335714285714286,52,45
349,Coronary heart disease among adults >= 18,3.6,0.209821428571429,52,45
350,Stroke among adults >= 18,2.9,0.209821428571429,52,45
351,Diabetes among adults >= 18,9.7,0.377678571428572,52,45
352,Current asthma among adults >= 18,10.9,0.419642857142857,52,45
353,Mental health not good for >= 14 days among adults >= 18,16.5,0.545535714285715,52,45
354,COPD among adults >= 18,6.4,0.545535714285714,5,45
355,Cancer (excluding skin cancer) among adults >= 18,8.4,0.503571428571429,5,45
356,Coronary heart disease among adults >= 18,4.6,0.377678571428572,5,45
357,Stroke among adults >= 18,3.3,0.377678571428571,5,45
358,Diabetes among adults >= 18,10.3,0.545535714285715,5,45
359,Current asthma among adults >= 18,10.9,0.671428571428571,5,45
360,Mental health not good for >= 14 days among adults >= 18,16.1,0.881250000000001,5,45
361,COPD among adults >= 18,14,0.965178571428571,53,45
362,Cancer (excluding skin cancer) among adults >= 18,10.8,0.797321428571428,53,45
363,Coronary heart disease among adults >= 18,7.1,0.671428571428572,53,45
364,Stroke among adults >= 18,5.6,0.5875,53,45
365,Diabetes among adults >= 18,17.4,1.00714285714286,53,45
366,Current asthma among adults >= 18,12.9,1.00714285714286,53,45
367,Mental health not good for >= 14 days among adults >= 18,21.1,1.25892857142857,53,45
368,COPD among adults >= 18,6.9,0.671428571428572,54,45
369,Cancer (excluding skin cancer) among adults >= 18,8.3,0.755357142857142,54,45
370,Coronary heart disease among adults >= 18,3.6,0.545535714285714,54,45
371,Stroke among adults >= 18,3.4,0.503571428571429,54,45
372,Diabetes among adults >= 18,9.3,0.797321428571429,54,45
373,Current asthma among adults >= 18,10.5,1.04910714285714,54,45
374,Mental health not good for >= 14 days among adults >= 18,14.8,1.30089285714286,54,45
